"","X","bigram","bigram_d_freq","bigram_r_freq","bigram_total","chisq()"
"84688",84688,"climat chang",2095,256,2351,0.000122586649908607
"287967",287967,"mr presid",9043,4758,13801,0.00011304447600275
"372713",372713,"unanim consent",6633,3186,9819,0.000102924077235944
"313121",313121,"presid ask",4198,1560,5758,0.000102903810978993
"285218",285218,"minimum wage",1822,264,2086,9.91704772793771e-05
"69090",69090,"care law",157,1530,1687,9.52427960858401e-05
"36441",36441,"ask unanim",6011,2903,8914,9.21916940811134e-05
"341982",341982,"senat proceed",1263,162,1425,7.2509520741969e-05
"329692",329692,"republican colleagu",1018,78,1096,6.87253521566532e-05
"344487",344487,"session senat",1144,157,1301,6.3827237689564e-05
"282638",282638,"meet session",1075,137,1212,6.18816646096076e-05
"333274",333274,"rhode island",998,116,1114,5.95280697089423e-05
"40413",40413,"author meet",1035,134,1169,5.91968748429016e-05
"295470",295470,"obama administr",285,1350,1635,5.91280262777098e-05
"146896",146896,"eagl scout",15,710,725,5.67995176468068e-05
"292709",292709,"new york",3155,1464,4619,5.27253485342208e-05
"215612",215612,"gun violenc",624,15,639,4.94830348652886e-05
"234998",234998,"immigr reform",1457,417,1874,4.91906379024834e-05
"101901",101901,"consent member",9,573,582,4.65976652483306e-05
"341908",341908,"senat offic",755,81,836,4.63248718979e-05
"356406",356406,"student loan",1476,465,1941,4.48801905326081e-05
"6177",6177,"action debat",652,55,707,4.29778111773656e-05
"249237",249237,"interven action",647,54,701,4.27668319842379e-05
"101972",101972,"consent senat",955,196,1151,4.26652148884264e-05
"101813",101813,"consent committe",833,143,976,4.15846948482645e-05
"82628",82628,"civil right",1111,291,1402,4.08806232346863e-05
"383893",383893,"white hous",609,1633,2242,3.98573818461747e-05
"12660",12660,"afford care",2646,1292,3938,3.96567887803822e-05
"323232",323232,"read titl",3,469,472,3.92257260053442e-05
"26272",26272,"american peopl",3357,5351,8708,3.88469761148287e-05
"296724",296724,"offic build",764,131,895,3.81661664777409e-05
"68462",68462,"carbon pollut",484,15,499,3.75822948620798e-05
"123218",123218,"day revis",8,463,471,3.74751304226623e-05
"13355",13355,"african american",797,154,951,3.70620435450945e-05
"138852",138852,"dirksen senat",547,43,590,3.67060038814855e-05
"84578",84578,"clerk read",24,498,522,3.66962580122754e-05
"275961",275961,"major leader",995,2140,3135,3.56302302216057e-05
"287240",287240,"motion reconsid",680,108,788,3.53974425021227e-05
"68618",68618,"care act",2689,1395,4084,3.49238821098549e-05
"313394",313394,"presid health",11,439,450,3.47071237483262e-05
"360066",360066,"tabl interven",510,38,548,3.46606058983035e-05
"265810",265810,"legisl day",85,614,699,3.41310856177555e-05
"373284",373284,"unemploy insur",801,176,977,3.4083996731556e-05
"233932",233932,"illeg immigr",90,624,714,3.40485459109302e-05
"96778",96778,"comprehens immigr",639,98,737,3.38562422880327e-05
"280455",280455,"may legisl",6,413,419,3.3707134950023e-05
"350361",350361,"speaker move",50,521,571,3.31234726722872e-05
"28195",28195,"announc senat",395,3,398,3.29183788771468e-05
"168835",168835,"execut session",417,11,428,3.28363096527179e-05
"334873",334873,"rollcal vote",1045,324,1369,3.23674559368781e-05
"283097",283097,"member may",20,433,453,3.21029666789017e-05
"154683",154683,"employ mandat",22,438,460,3.20753436869416e-05
"391862",391862,"youth award",385,3,388,3.20660517254592e-05
"322084",322084,"rais minimum",493,46,539,3.16053054962831e-05
"220060",220060,"hear entitl",569,79,648,3.15892092573972e-05
"374485",374485,"upon tabl",593,94,687,3.09002235544402e-05
"274814",274814,"madam presid",2928,1644,4572,3.07120819789796e-05
"288033",288033,"mr speaker",15319,18811,34130,3.01995962451718e-05
"288768",288768,"muslim brotherhood",3,361,364,3.00204933254157e-05
"260574",260574,"laid upon",586,97,683,2.98479649644875e-05
"336987",336987,"san francisco",511,65,576,2.94426458079443e-05
"328081",328081,"remark includ",4,355,359,2.92599442924158e-05
"238751",238751,"includ extran",6,360,366,2.91929760861224e-05
"248396",248396,"interest rate",945,296,1241,2.89316578385645e-05
"313569",313569,"presid offic",930,289,1219,2.87323075381412e-05
"1216",1216,"absent senat",6,354,360,2.86820102460688e-05
"58917",58917,"boy scout",77,528,605,2.86631612843624e-05
"287018",287018,"morn busi",808,221,1029,2.85456603206962e-05
"361939",361939,"tea parti",612,119,731,2.83458079224976e-05
"350112",350112,"speaker boehner",515,73,588,2.83266671723995e-05
"371079",371079,"trillion debt",38,433,471,2.82432422373911e-05
"307484",307484,"period morn",444,43,487,2.81513530334076e-05
"361483",361483,"tax break",394,23,417,2.81422638685229e-05
"329669",329669,"republican budget",549,90,639,2.81091111932233e-05
"315651",315651,"proceed execut",352,8,360,2.80264430941901e-05
"320305",320305,"public health",757,197,954,2.80230420854624e-05
"345841",345841,"shut govern",766,203,969,2.78855327215972e-05
"329789",329789,"republican leadership",457,50,507,2.78559597376251e-05
"382072",382072,"web site",255,857,1112,2.77816629552046e-05
"367280",367280,"titl bill",40,432,472,2.7756921111483e-05
"361341",361341,"tar sand",336,4,340,2.76409567830719e-05
"372145",372145,"two leader",475,60,535,2.74458425343748e-05
"87172",87172,"colleagu join",1677,792,2469,2.70324048570076e-05
"98519",98519,"conduct hear",486,72,558,2.61877438154072e-05
"313564",313564,"presid obama",1721,2905,4626,2.58093581507537e-05
"161482",161482,"equal pay",359,21,380,2.56331029238967e-05
"284058",284058,"middl class",1403,625,2028,2.54366251693465e-05
"379089",379089,"vote right",470,71,541,2.50889228220338e-05
"339081",339081,"sea level",308,6,314,2.47652632091715e-05
"172501",172501,"extran materi",65,452,517,2.46983273708517e-05
"342061",342061,"senat resum",377,34,411,2.44058732437046e-05
"299177",299177,"open govern",400,44,444,2.43366778051535e-05
"287486",287486,"move proceed",338,19,357,2.43034026844021e-05
"329788",329788,"republican leader",629,156,785,2.42973552183539e-05
"386500",386500,"work hard",1221,518,1739,2.42220799837614e-05
"219200",219200,"head start",518,102,620,2.3796861524065e-05
"178005",178005,"farm bill",1632,807,2439,2.37803730344355e-05
"175679",175679,"fair shot",342,23,365,2.37706767158322e-05
"321947",321947,"radic islam",4,290,294,2.37216922941327e-05
"128234",128234,"deepest congratul",281,1,282,2.37044138019475e-05
"314309",314309,"previou order",382,41,423,2.34376999705824e-05
"339026",339026,"scout america",48,396,444,2.32551842326987e-05
"35952",35952,"ask colleagu",1445,683,2128,2.32538813312081e-05
"344462",344462,"session consid",291,7,298,2.30770825671957e-05
"266254",266254,"legisl session",318,17,335,2.30592172628638e-05
"161417",161417,"equal divid",522,110,632,2.28981677222562e-05
"256252",256252,"join recogn",511,105,616,2.28137412265002e-05
"289568",289568,"nation debt",146,587,733,2.26196229014413e-05
"102703",102703,"consid made",393,52,445,2.22788568274215e-05
"209937",209937,"govern shutdown",1054,431,1485,2.22781043067329e-05
"233867",233867,"illeg alien",3,269,272,2.21798061330176e-05
"275083",275083,"made laid",422,66,488,2.21421379364628e-05
"325452",325452,"reconsid consid",390,53,443,2.18574983001196e-05
"131476",131476,"democrat republican",869,318,1187,2.18028962178616e-05
"17974",17974,"al qaeda",124,529,653,2.14149916884936e-05
"342051",342051,"senat republican",600,163,763,2.13376780815805e-05
"305824",305824,"peopl disabl",307,21,328,2.12625514425908e-05
"271547",271547,"loan debt",341,37,378,2.0845243229392e-05
"157146",157146,"energi effici",635,189,824,2.05799611464313e-05
"329746",329746,"republican friend",291,18,309,2.05648753009236e-05
"44641",44641,"balanc time",2197,3353,5550,2.05021476140803e-05
"328557",328557,"repeal afford",286,17,303,2.03620670825079e-05
"175745",175745,"fairfax counti",256,6,262,2.03396377388439e-05
"387061",387061,"work togeth",1825,1004,2829,2.03017082670087e-05
"386405",386405,"work famili",609,180,789,1.98858205004104e-05
"267152",267152,"let us",835,317,1152,1.98551255904913e-05
"205133",205133,"go confer",629,192,821,1.98299717244806e-05
"157673",157673,"enforc law",129,512,641,1.95102078785276e-05
"304798",304798,"pay bill",594,176,770,1.93450511915846e-05
"335240",335240,"rule law",222,669,891,1.9117537127669e-05
"188970",188970,"follow leader",283,22,305,1.90432419598726e-05
"385484",385484,"women health",283,22,305,1.90432419598726e-05
"53612",53612,"bill hr",148,540,688,1.9041486621443e-05
"368807",368807,"took offic",59,365,424,1.88288365382558e-05
"69252",69252,"care plan",94,436,530,1.88152959564115e-05
"198235",198235,"futur accomplish",223,1,224,1.87597324414817e-05
"263699",263699,"leader remark",286,26,312,1.84735786704062e-05
"219379",219379,"health center",263,17,280,1.84278500895157e-05
"307639",307639,"permit speak",339,50,389,1.83061266062841e-05
"313631",313631,"presid promis",5,228,233,1.81979100738082e-05
"341511",341511,"senat democrat",190,600,790,1.81403826941274e-05
"230152",230152,"hous republican",992,440,1432,1.81371740490253e-05
"7914",7914,"ad debt",6,230,236,1.81280633386702e-05
"169189",169189,"exhibit dedic",221,3,224,1.80897963750706e-05
"341951",341951,"senat permit",326,46,372,1.79690612498565e-05
"361594",361594,"tax increas",77,390,467,1.78860115037706e-05
"373259",373259,"unemploy benefit",538,158,696,1.76878163699214e-05
"315697",315697,"proceed vote",329,49,378,1.76838109113609e-05
"350484",350484,"speaker rise",4017,2828,6845,1.75801623192932e-05
"44016",44016,"background check",589,190,779,1.74226967906647e-05
"330773",330773,"reserv balanc",963,1701,2664,1.74211195073873e-05
"156321",156321,"end hunger",218,5,223,1.73469515048809e-05
"356307",356307,"student debt",237,12,249,1.73353103461033e-05
"64317",64317,"busi senat",346,60,406,1.71772849986256e-05
"284730",284730,"million american",1701,970,2671,1.7047380102325e-05
"15822",15822,"agre motion",305,42,347,1.69956221038804e-05
"322132",322132,"rais tax",84,392,476,1.69916358287843e-05
"64253",64253,"busi record",7,219,226,1.69563264798558e-05
"304759",304759,"paus recogn",3,207,210,1.68970661767366e-05
"312658",312658,"preexist condit",498,142,640,1.68827236411794e-05
"339032",339032,"scout earn",2,203,205,1.68038607566826e-05
"149620",149620,"educ develop",217,8,225,1.65530738436444e-05
"101958",101958,"consent request",450,118,568,1.65446780723524e-05
"369957",369957,"train wreck",10,222,232,1.65177754415402e-05
"329895",329895,"republican senat",508,151,659,1.64881297352204e-05
"303806",303806,"pass clean",218,9,227,1.64072233887563e-05
"321948",321948,"radic islamist",4,204,208,1.63971037055074e-05
"276867",276867,"make sure",3272,2242,5514,1.63828087930061e-05
"127718",127718,"dedic demonstr",195,1,196,1.6372658701492e-05
"349663",349663,"south carolina",265,694,959,1.63599895276169e-05
"313839",313839,"presid unit",337,805,1142,1.63490420754797e-05
"189132",189132,"follow senat",80,374,454,1.62323711263756e-05
"38983",38983,"attain hard",192,1,193,1.61169025157142e-05
"258308",258308,"kill american",24,252,276,1.6059186587684e-05
"361623",361623,"tax loophol",227,14,241,1.60512546584922e-05
"301802",301802,"overcom advers",197,3,200,1.60451891088285e-05
"276397",276397,"make educ",208,7,215,1.60222448497494e-05
"263412",263412,"leader designe",251,24,275,1.59765154533605e-05
"319278",319278,"proudli ask",3,196,199,1.59600052021496e-05
"376954",376954,"ve ad",3,196,199,1.59600052021496e-05
"223438",223438,"higher educ",694,270,964,1.5897951503164e-05
"83722",83722,"clean energi",280,37,317,1.58822366161215e-05
"270908",270908,"live extend",192,2,194,1.58663676885854e-05
"267615",267615,"level rise",189,1,190,1.58611467915141e-05
"62259",62259,"build conduct",299,46,345,1.58189339722787e-05
"128454",128454,"defeat previou",191,2,193,1.57811429172398e-05
"219376",219376,"health care",4640,6047,10687,1.57520627118789e-05
"135090",135090,"determin hard",196,4,200,1.57160657696847e-05
"305147",305147,"paycheck fair",233,18,251,1.57025038318641e-05
"172013",172013,"extend deepest",335,64,399,1.56933244085623e-05
"183907",183907,"finest qualiti",1,187,188,1.56906432520066e-05
"4546",4546,"across countri",2001,1230,3231,1.56749558554048e-05
"333379",333379,"right act",410,103,513,1.56637587694375e-05
"147444",147444,"earn prestigi",3,192,195,1.56192770497696e-05
"148626",148626,"economi children",3,192,195,1.56192770497696e-05
"282029",282029,"medic devic",67,338,405,1.54608069816758e-05
"61403",61403,"budget amend",25,247,272,1.54490017165984e-05
"391808",391808,"young peopl",960,454,1414,1.54343415866873e-05
"177110",177110,"famili peer",1,183,184,1.53496368949729e-05
"332192",332192,"rest live",221,15,236,1.53316823947666e-05
"314560",314560,"princ william",199,7,206,1.52582928610839e-05
"94001",94001,"commun notabl",2,184,186,1.51845792669125e-05
"93568",93568,"commun eagl",1,181,182,1.51791341048197e-05
"223596",223596,"highest distinct",1,181,182,1.51791341048197e-05
"287669",287669,"mr chairman",2045,2992,5037,1.51621828799577e-05
"93248",93248,"commun across",328,64,392,1.51590446051235e-05
"315648",315648,"proceed consider",297,49,346,1.51559239644109e-05
"386079",386079,"work allow",216,14,230,1.51266565269847e-05
"287234",287234,"motion order",189,4,193,1.51202266549798e-05
"333216",333216,"revis extend",219,600,819,1.51101456265282e-05
"350773",350773,"special young",3,186,189,1.51082086254189e-05
"371194",371194,"troop earn",2,183,185,1.50993573572651e-05
"254206",254206,"januari day",6,194,200,1.50680509050493e-05
"172148",172148,"extend remark",219,599,818,1.50493104411947e-05
"224892",224892,"histori month",242,25,267,1.50373787453946e-05
"143348",143348,"domest violenc",563,197,760,1.50264965009008e-05
"7135",7135,"activ troop",3,185,188,1.50230335032798e-05
"325887",325887,"reduc deficit",446,128,574,1.50200773870277e-05
"136132",136132,"develop work",211,13,224,1.49228258793087e-05
"355887",355887,"strive make",208,12,220,1.48887629618584e-05
"125723",125723,"debt nation",14,213,227,1.48747156296362e-05
"327810",327810,"religi freedom",102,396,498,1.47980191487853e-05
"271490",271490,"lo angel",448,131,579,1.47968485212188e-05
"320414",320414,"public servic",951,459,1410,1.46334935616508e-05
"172756",172756,"extrem weather",231,23,254,1.45230666250883e-05
"303326",303326,"particip mani",10,198,208,1.44884808341863e-05
"257526",257526,"keep doctor",6,187,193,1.44734476389713e-05
"189485",189485,"food tabl",294,52,346,1.44314439882245e-05
"359267",359267,"suspend rule",106,398,504,1.44235700042101e-05
"368023",368023,"today ve",11,199,210,1.43504879601734e-05
"348184",348184,"snap benefit",219,19,238,1.43301319155314e-05
"25289",25289,"america troop",5,182,187,1.42849178231299e-05
"36125",36125,"ask immedi",30,244,274,1.42508293070353e-05
"335794",335794,"ryan budget",253,34,287,1.42484637876624e-05
"349947",349947,"speak minut",360,87,447,1.4215485748657e-05
"312884",312884,"prescript drug",348,81,429,1.41680853293454e-05
"391097",391097,"year trillion",27,236,263,1.41612372965137e-05
"44463",44463,"balanc budget",281,680,961,1.41224233285645e-05
"172185",172185,"extend unemploy",323,69,392,1.40323823712142e-05
"24560",24560,"america effort",5,179,184,1.402987581911e-05
"125866",125866,"debt today",17,210,227,1.39912699802611e-05
"6985",6985,"activ part",12,197,209,1.39626401911006e-05
"264225",264225,"leadership take",10,191,201,1.38973615798581e-05
"314311",314311,"previou question",455,143,598,1.38782644952763e-05
"350296",350296,"speaker januari",14,201,215,1.38680201022471e-05
"55880",55880,"black caucu",193,11,204,1.38446996979878e-05
"292506",292506,"new mexico",402,113,515,1.38269004021906e-05
"120416",120416,"cut snap",168,2,170,1.38210794522268e-05
"360163",360163,"take activ",12,195,207,1.37943878340226e-05
"157279",157279,"energi natur",302,60,362,1.3793533650165e-05
"60690",60690,"broken immigr",336,78,414,1.37083969171137e-05
"315682",315682,"proceed period",199,14,213,1.37004169663097e-05
"101782",101782,"consent adjourn",172,4,176,1.36735076488135e-05
"230156",230156,"hous resolut",51,280,331,1.35082718593487e-05
"328519",328519,"reopen govern",323,73,396,1.34565717425348e-05
"246190",246190,"institut health",366,96,462,1.3453268797071e-05
"145714",145714,"drone strike",11,188,199,1.34234745356424e-05
"25586",25586,"american citizen",221,573,794,1.3303631376434e-05
"338705",338705,"school receiv",223,26,249,1.32892061080873e-05
"309923",309923,"pm senat",204,18,222,1.32874561902722e-05
"260193",260193,"koch brother",181,9,190,1.32762609404751e-05
"331487",331487,"respect famili",11,186,197,1.32550564119502e-05
"332607",332607,"resum legisl",167,4,171,1.32481030069545e-05
"335436",335436,"rule xxii",201,17,218,1.32418458673275e-05
"320636",320636,"purpos debat",3,164,167,1.32345848632923e-05
"386783",386783,"work persever",198,16,214,1.31977173516492e-05
"315643",315643,"proceed calendar",160,2,162,1.31393764942313e-05
"3969",3969,"achiev highest",12,187,199,1.31218330509767e-05
"222776",222776,"heritag month",168,5,173,1.30949390469359e-05
"361521",361521,"tax credit",834,399,1233,1.30819364315465e-05
"6942",6942,"activ mani",14,191,205,1.30305723533108e-05
"317042",317042,"program help",413,126,539,1.30289296699515e-05
"226683",226683,"homeland secur",1952,1253,3205,1.29886416895891e-05
"309758",309758,"pleas contact",172,7,179,1.29684647655437e-05
"328123",328123,"remark senat",329,80,409,1.29247913709638e-05
"361523",361523,"tax cut",274,52,326,1.28897865555485e-05
"294016",294016,"notifi senat",168,6,174,1.28604168350335e-05
"325455",325455,"reconsid laid",231,32,263,1.2838514644336e-05
"314710",314710,"prior vote",196,17,213,1.28261522284157e-05
"101093",101093,"congression black",178,10,188,1.28006912690668e-05
"147421",147421,"earn numer",10,178,188,1.28006912690668e-05
"125905",125905,"debt year",12,183,195,1.27858481065007e-05
"313989",313989,"prestigi award",46,260,306,1.27604420419142e-05
"89967",89967,"come togeth",995,519,1514,1.27559674057103e-05
"295643",295643,"obama took",36,238,274,1.26974154739337e-05
"21986",21986,"also respect",17,194,211,1.26600153187961e-05
"289779",289779,"nation institut",419,133,552,1.2633545697733e-05
"15881",15881,"agre preambl",228,32,260,1.25980551302866e-05
"329904",329904,"republican shutdown",162,5,167,1.25851349213106e-05
"313539",313539,"presid move",282,58,340,1.25826738963149e-05
"122010",122010,"date time",221,30,251,1.23924941544669e-05
"249896",249896,"invest infrastructur",188,16,204,1.23651007084069e-05
"324987",324987,"recogn applaud",285,61,346,1.23644582602478e-05
"332606",332606,"resum consider",211,26,237,1.23129573719063e-05
"111892",111892,"counti receiv",152,3,155,1.22128553700592e-05
"341752",341752,"senat juli",149,2,151,1.22020989358103e-05
"335294",335294,"rule pass",109,370,479,1.21251153590722e-05
"391652",391652,"york citi",394,123,517,1.21111168562434e-05
"262701",262701,"law school",436,148,584,1.21087925823544e-05
"309922",309922,"pm room",172,11,183,1.20774132555644e-05
"367637",367637,"today honor",1202,685,1887,1.2072385740517e-05
"330961",330961,"resolut agre",271,56,327,1.2052757899185e-05
"165640",165640,"everi day",1439,868,2307,1.20437535433195e-05
"145462",145462,"drink water",288,65,353,1.20112829541313e-05
"229410",229410,"hous adjourn",44,246,290,1.19968193082473e-05
"101961",101961,"consent resolut",216,30,246,1.19910453794723e-05
"25776",25776,"american energi",52,261,313,1.18989066129176e-05
"285427",285427,"minut gentlewoman",340,94,434,1.18884671589322e-05
"312580",312580,"preambl agre",219,32,251,1.18788719631467e-05
"234580",234580,"immedi notifi",164,9,173,1.18410896383995e-05
"315638",315638,"proceed approv",207,27,234,1.18058361434092e-05
"330840",330840,"reserv use",209,28,237,1.17862614013447e-05
"344944",344944,"sexual orient",197,23,220,1.17339698936179e-05
"256465",256465,"journal proceed",206,27,233,1.17251349650081e-05
"312568",312568,"prayer pledg",208,28,236,1.17057806954104e-05
"389676",389676,"xxii waiv",143,2,145,1.16908936395599e-05
"25725",25725,"american disabl",172,13,185,1.16518681770709e-05
"138867",138867,"disabl act",156,7,163,1.16134276582387e-05
"283071",283071,"member legisl",14,174,188,1.16106043256842e-05
"36148",36148,"ask join",51,255,306,1.1595741025773e-05
"276206",276206,"make america",369,113,482,1.15923887568228e-05
"263707",263707,"leader reserv",204,27,231,1.15638509310259e-05
"107343",107343,"control two",147,4,151,1.15470739570727e-05
"293704",293704,"northern virginia",173,14,187,1.15272433683344e-05
"380513",380513,"war terror",46,244,290,1.15264019253144e-05
"240373",240373,"increas minimum",225,37,262,1.15021464998672e-05
"284061",284061,"middl east",347,727,1074,1.14613870103276e-05
"190638",190638,"foreign relat",384,123,507,1.14554016823932e-05
"313706",313706,"presid said",185,485,670,1.14521456519321e-05
"45132",45132,"baptist church",448,162,610,1.14321536814541e-05
"78611",78611,"child care",306,79,385,1.14114756201162e-05
"341441",341441,"senat complet",213,32,245,1.14013805525021e-05
"125171",125171,"debat motion",156,8,164,1.13881966587028e-05
"32388",32388,"approv date",204,28,232,1.13842695816383e-05
"207201",207201,"goe say",45,240,285,1.13759138623841e-05
"110132",110132,"could avoid",29,206,235,1.13670077941662e-05
"329877",329877,"republican refus",142,3,145,1.13615892565734e-05
"234899",234899,"immigr law",136,404,540,1.13399053223015e-05
"304859",304859,"pay equal",150,6,156,1.13338288487288e-05
"12114",12114,"affair author",201,27,228,1.13222284801083e-05
"154228",154228,"emerg unemploy",218,35,253,1.12861845052349e-05
"295702",295702,"obamacar exchang",2,138,140,1.12649125058784e-05
"132275",132275,"depart homeland",1003,550,1553,1.12627899542732e-05
"366419",366419,"time equal",172,15,187,1.12390736832433e-05
"286850",286850,"month recogn",143,4,147,1.12070040770455e-05
"189066",189066,"follow prayer",208,31,239,1.11767535489194e-05
"211991",211991,"great lake",324,91,415,1.11535016038255e-05
"161547",161547,"equal work",153,8,161,1.11348875938708e-05
"376055",376055,"use later",205,30,235,1.11115775701854e-05
"254508",254508,"jefferson counti",163,12,175,1.11093845293931e-05
"313711",313711,"presid say",58,262,320,1.10883876423089e-05
"284766",284766,"million children",246,50,296,1.10657573242526e-05
"122762",122762,"day follow",213,34,247,1.10605128032081e-05
"297637",297637,"oil compani",193,25,218,1.10390435302296e-05
"95970",95970,"complet busi",204,30,234,1.10318979962301e-05
"353008",353008,"state congress",147,417,564,1.10199432526039e-05
"341321",341321,"senat april",135,2,137,1.10093350757432e-05
"341276",341276,"senat action",181,20,201,1.09958032267483e-05
"390683",390683,"year old",703,337,1040,1.09801146544448e-05
"209672",209672,"govern open",393,133,526,1.09571121713922e-05
"337094",337094,"sandi hook",194,26,220,1.09386829923858e-05
"93750",93750,"commun health",187,23,210,1.09204030154149e-05
"36832",36832,"assault weapon",153,9,162,1.09140406579226e-05
"320962",320962,"put food",242,49,291,1.09139734925138e-05
"333809",333809,"right movement",211,34,245,1.09030204001507e-05
"242100",242100,"individu mandat",88,315,403,1.09017317183237e-05
"168720",168720,"execut branch",211,515,726,1.08523422191795e-05
"123132",123132,"day presid",45,233,278,1.08401080863787e-05
"65242",65242,"california ms",172,17,189,1.08386249880764e-05
"258107",258107,"keyston xl",197,493,690,1.08255822816522e-05
"131278",131278,"democrat friend",4,138,142,1.07819936572934e-05
"26732",26732,"american women",196,28,224,1.07433383740845e-05
"265601",265601,"legal statu",74,287,361,1.07153285887824e-05
"128115",128115,"deem expir",193,27,220,1.06797884260977e-05
"355994",355994,"strong opposit",210,35,245,1.06580165263691e-05
"341854",341854,"senat mikulski",273,67,340,1.06417081764991e-05
"79040",79040,"children could",31,201,232,1.06213000680961e-05
"231960",231960,"hunger america",133,3,136,1.05956177574552e-05
"63699",63699,"busi come",217,39,256,1.05527389173742e-05
"9657",9657,"adjourn previou",186,25,211,1.04746483155707e-05
"171250",171250,"expir journal",190,27,217,1.04396265236341e-05
"229073",229073,"hour deem",190,27,217,1.04396265236341e-05
"389669",389669,"xl pipelin",158,425,583,1.04251614800354e-05
"334240",334240,"rise today",3829,2921,6750,1.03970735567831e-05
"287392",287392,"move forward",1511,962,2473,1.03857857589832e-05
"151613",151613,"effort put",32,200,232,1.03728572014514e-05
"309876",309876,"pledg morn",189,27,216,1.03596689194986e-05
"52629",52629,"big govern",11,151,162,1.0316126393484e-05
"257581",257581,"keep health",27,188,215,1.02797606185578e-05
"341949",341949,"senat period",188,27,215,1.02797606185578e-05
"60720",60720,"broken promis",12,153,165,1.02737630585843e-05
"200235",200235,"gender ident",126,2,128,1.0242660447217e-05
"3676",3676,"account work",145,9,154,1.02407928741243e-05
"83712",83712,"clean continu",142,8,150,1.02069331067868e-05
"61491",61491,"budget confer",187,27,214,1.01999023125896e-05
"106009",106009,"continu resolut",944,525,1469,1.01867728357477e-05
"148265",148265,"econom develop",524,225,749,1.01758556406875e-05
"189477",189477,"food stamp",716,358,1074,1.01726953240417e-05
"380336",380336,"war coal",9,144,153,1.01567018457672e-05
"282091",282091,"medic research",279,74,353,1.01504990276773e-05
"64623",64623,"buy gun",133,5,138,1.01232302987264e-05
"141814",141814,"district texa",14,156,170,1.01135232281427e-05
"283553",283553,"mental health",595,274,869,1.01085143737816e-05
"344934",344934,"sexual assault",954,534,1488,1.01047112919347e-05
"142037",142037,"divid control",211,39,250,1.00898034433877e-05
"201361",201361,"gentleman pennsylvania",49,231,280,1.0086656526623e-05
"363839",363839,"therein minut",192,30,222,1.00796623961586e-05
"385455",385455,"women famili",183,26,209,1.00559567003781e-05
"270588",270588,"littl guy",19,167,186,1.0041149144501e-05
"341937",341937,"senat pass",514,220,734,1.00394667543368e-05
"157333",157333,"energi product",68,266,334,1.00078411158967e-05
"314244",314244,"prevent servic",157,15,172,9.99591900658276e-06
"101899",101899,"consent mandatori",134,6,140,9.97860761766391e-06
"350424",350424,"speaker presid",19,166,185,9.95946439770281e-06
"53202",53202,"bill consider",28,186,214,9.94649848951122e-06
"339287",339287,"second read",156,15,171,9.9132649283474e-06
"350012",350012,"speak therein",192,31,223,9.91095968520392e-06
"28095",28095,"announc committe",119,1,120,9.89379784525051e-06
"46737",46737,"bay area",172,22,194,9.88901033222083e-06
"313347",313347,"presid follow",176,24,200,9.84982594245866e-06
"277633",277633,"mandatori quorum",140,9,149,9.82049468357095e-06
"205107",205107,"go colleg",276,75,351,9.81385411461386e-06
"296998",296998,"offic nation",41,211,252,9.77828971531594e-06
"378948",378948,"vote motion",286,81,367,9.76325156283291e-06
"367117",367117,"time two",242,57,299,9.75961408860439e-06
"383534",383534,"western new",144,11,155,9.73078684027641e-06
"303812",303812,"pass comprehens",163,19,182,9.71464582708461e-06
"292660",292660,"new tax",47,222,269,9.7070558248935e-06
"269065",269065,"like health",15,153,168,9.66548880511432e-06
"378697",378697,"vote clean",130,6,136,9.64013128039237e-06
"378441",378441,"vladimir putin",37,201,238,9.63558070000328e-06
"87823",87823,"colleg afford",145,12,157,9.60682285708107e-06
"248940",248940,"intern revenu",77,276,353,9.56501872683047e-06
"224338",224338,"hispan heritag",161,19,180,9.55163639180623e-06
"307585",307585,"permiss revis",172,24,196,9.52882124023492e-06
"320505",320505,"puerto rico",233,54,287,9.518880511676e-06
"374700",374700,"us attorney",355,124,479,9.49792693406516e-06
"361587",361587,"tax hike",13,146,159,9.4859774646585e-06
"232123",232123,"hurrican sandi",205,40,245,9.47475918140074e-06
"292592",292592,"new regul",20,162,182,9.44666852128348e-06
"175845",175845,"faith credit",166,22,188,9.40458950380418e-06
"235954",235954,"implement obamacar",9,135,144,9.4006134628912e-06
"83702",83702,"clean bill",152,16,168,9.38735984768927e-06
"157382",157382,"energi secur",87,291,378,9.38685554703057e-06
"175867",175867,"faith execut",10,137,147,9.35550793223267e-06
"189271",189271,"food assist",172,25,197,9.35276780427205e-06
"201469",201469,"gentlewoman california",213,45,258,9.3274684663296e-06
"268758",268758,"like announc",118,3,121,9.31945387341892e-06
"64426",64426,"busi today",232,55,287,9.30735643551379e-06
"136201",136201,"devic tax",31,184,215,9.2835506469588e-06
"328482",328482,"renew energi",361,130,491,9.26576992762533e-06
"204781",204781,"global war",26,173,199,9.25876540076917e-06
"240580",240580,"increas spend",26,173,199,9.25876540076917e-06
"179788",179788,"feder govern",2065,2791,4856,9.24375476084376e-06
"292422",292422,"new haven",133,9,142,9.23278761831941e-06
"317978",317978,"promis american",11,138,149,9.22992592222574e-06
"71672",71672,"caucu meet",114,2,116,9.22059112758579e-06
"381050",381050,"water infrastructur",159,20,179,9.20344197373996e-06
"315666",315666,"proceed legisl",130,8,138,9.19642088417012e-06
"58192",58192,"border secur",389,737,1126,9.16829512347046e-06
"265529",265529,"legal immigr",67,252,319,9.14767925390455e-06
"218695",218695,"harri reid",96,302,398,9.09077159276475e-06
"204368",204368,"given permiss",173,27,200,9.08755582537434e-06
"297751",297751,"oklahoma mr",18,153,171,9.0875334902234e-06
"181306",181306,"fifth amend",7,126,133,9.07864640172702e-06
"131185",131185,"democrat colleagu",67,251,318,9.07751116758533e-06
"732",732,"abl keep",50,219,269,9.05283988293169e-06
"287238",287238,"motion proceed",351,126,477,9.04872224078416e-06
"279816",279816,"mateo counti",109,1,110,9.04141077122138e-06
"206866",206866,"god bless",106,318,424,9.03758414899579e-06
"257572",257572,"keep govern",449,189,638,9.03334774243757e-06
"140394",140394,"diseas control",189,35,224,9.02738849489045e-06
"348282",348282,"social justic",138,12,150,9.02457507258557e-06
"36088",36088,"ask given",176,29,205,8.98776334969814e-06
"350102",350102,"speaker behalf",29,176,205,8.98776334969814e-06
"325606",325606,"record presid",130,9,139,8.98119432652627e-06
"378716",378716,"vote confirm",244,64,308,8.96919922192208e-06
"123485",123485,"day within",2,111,113,8.96510940757435e-06
"355600",355600,"straw purchas",149,17,166,8.94983291758666e-06
"274812",274812,"madam chairman",98,303,401,8.93536697564596e-06
"196476",196476,"full particip",116,4,120,8.91322896946441e-06
"321843",321843,"quorum rule",110,2,112,8.8799524642147e-06
"318999",318999,"protect public",189,36,225,8.87092570238484e-06
"314665",314665,"print record",628,315,943,8.85657499296462e-06
"42876",42876,"b outlay",288,90,378,8.84280769093104e-06
"215278",215278,"guest worker",15,143,158,8.84176350452516e-06
"341432",341432,"senat collin",218,51,269,8.83983934368832e-06
"292370",292370,"new england",216,50,266,8.83280377793556e-06
"257405",257405,"kansa mr",3,112,115,8.8091899543222e-06
"179834",179834,"feder land",170,416,586,8.80442680991337e-06
"141513",141513,"district georgia",186,35,221,8.79692042891321e-06
"123741",123741,"de moin",42,200,242,8.795600950763e-06
"389773",389773,"ye rollcal",167,26,193,8.78320602272178e-06
"243925",243925,"infrastructur invest",117,5,122,8.76710597625993e-06
"4512",4512,"across america",468,205,673,8.76224224189444e-06
"357811",357811,"superstorm sandi",171,28,199,8.76174249989952e-06
"271805",271805,"local economi",250,69,319,8.75638042475287e-06
"40090",40090,"author b",288,91,379,8.73061286107381e-06
"226537",226537,"home state",1018,610,1628,8.71522547270643e-06
"321840",321840,"quorum call",1101,675,1776,8.70908422507652e-06
