"","X","trigram","trigram_d_freq","trigram_r_freq","trigram_total","chisq()"
"89982",89982,"presid ask unanim",3968,1342,5310,0.000525619748674967
"81833",81833,"mr presid ask",3305,1114,4419,0.000440162073776925
"19113",19113,"ask unanim consent",6009,2900,8909,0.000437185749667867
"69142",69142,"health care law",150,1451,1601,0.000429848220736939
"79862",79862,"meet session senat",1075,137,1212,0.00029529879566147
"20568",20568,"author meet session",1030,133,1163,0.000281442595591211
"106663",106663,"unanim consent senat",942,164,1106,0.000222648108370538
"106627",106627,"unanim consent member",9,573,582,0.00022249923070178
"97689",97689,"senat offic build",708,64,772,0.000218648656539602
"72923",72923,"interven action debat",646,53,699,0.000204768601053044
"106594",106594,"unanim consent committe",832,143,975,0.00019811546163268
"42378",42378,"clerk read titl",2,467,469,0.00018770954659137
"6069",6069,"afford care act",2586,1254,3840,0.000187343063848355
"75778",75778,"legisl day revis",8,463,471,0.000178959237952292
"58031",58031,"day revis extend",8,461,469,0.00017814632140811
"60280",60280,"dirksen senat offic",542,42,584,0.000174268699342341
"102799",102799,"tabl interven action",510,38,548,0.000165506397287191
"90121",90121,"presid health care",6,424,430,0.00016544670204922
"51731",51731,"consent senat proceed",575,66,641,0.000164527876256052
"79587",79587,"may legisl day",5,411,416,0.000161339303168755
"80089",80089,"member may legisl",5,411,416,0.000161339303168755
"51639",51639,"consent member may",6,410,416,0.000159753668531095
"49196",49196,"comprehens immigr reform",571,76,647,0.000154157581147866
"92594",92594,"rais minimum wage",487,45,532,0.00014950397832739
"82307",82307,"mr speaker move",43,469,512,0.000144304442393964
"74540",74540,"laid upon tabl",584,94,678,0.00014414672243572
"43553",43553,"colleagu join recogn",461,40,501,0.000144033253500446
"107718",107718,"upon tabl interven",456,38,494,0.000144001042720285
"72175",72175,"includ extran materi",5,360,365,0.000140595804583941
"93922",93922,"remark includ extran",4,355,359,0.000139743459294679
"83514",83514,"necessarili absent senat",2,349,351,0.000139690794106795
"63045",63045,"extend remark includ",4,353,357,0.000138929798299789
"18744",18744,"ask colleagu join",1061,372,1433,0.000134720418741279
"89087",89087,"period morn busi",444,43,487,0.00013443226730031
"91022",91022,"proceed execut session",352,8,360,0.000133852213945681
"100062",100062,"speaker ask colleagu",623,131,754,0.000130665459284129
"95598",95598,"rule pass bill",2,318,320,0.000127073970286585
"49655",49655,"conduct hear entitl",462,63,525,0.000123455387879996
"31297",31297,"boy scout america",37,394,431,0.000120401705179858
"69184",69184,"health care plan",54,425,479,0.000116993112002995
"87411",87411,"pass bill hr",3,290,293,0.000114483505840238
"100068",100068,"speaker ask unanim",240,764,1004,0.000111275100939495
"62849",62849,"execut session consid",289,7,296,0.000109408650207676
"51982",51982,"consid made laid",391,51,442,0.000106488620096366
"93399",93399,"reconsid consid made",390,51,441,0.000106103319825101
"81446",81446,"motion reconsid consid",390,52,442,0.000105239497528453
"94006",94006,"repeal afford care",282,16,298,9.66921243439861e-05
"101890",101890,"student loan debt",314,31,345,9.45307089022594e-05
"65173",65173,"follow leader remark",281,20,301,9.21630882714271e-05
"77922",77922,"made laid upon",381,64,445,9.19442458839673e-05
"97747",97747,"senat proceed execut",241,6,247,9.10562876758646e-05
"106475",106475,"two leader designe",229,3,232,8.96619182118276e-05
"97728",97728,"senat permit speak",322,41,363,8.85759046193343e-05
"81385",81385,"morn busi senat",304,34,338,8.78281395851492e-05
"77698",77698,"madam presid ask",860,353,1213,8.62011788804407e-05
"82410",82410,"mr speaker rise",3867,2691,6558,8.5222412438721e-05
"97751",97751,"senat proceed vote",298,35,333,8.45848870221618e-05
"90573",90573,"presid unit state",325,800,1125,8.15904905226104e-05
"94584",94584,"reserv balanc time",961,1688,2649,8.10179707128998e-05
"6994",6994,"agre motion reconsid",301,42,343,7.96389652852749e-05
"22299",22299,"balanc budget amend",14,233,247,7.90792324712022e-05
"106656",106656,"unanim consent request",429,107,536,7.87525586124556e-05
"46827",46827,"committe energi natur",232,14,246,7.86773239878882e-05
"19971",19971,"attain hard work",192,1,193,7.6985558049901e-05
"75486",75486,"leader remark senat",239,19,258,7.63995824207293e-05
"91744",91744,"proudli ask join",3,196,199,7.62356650230707e-05
"86032",86032,"offic build conduct",299,46,345,7.55511511708815e-05
"58915",58915,"defeat previou question",191,2,193,7.53817362216089e-05
"60019",60019,"determin hard work",196,4,200,7.50703744931992e-05
"100519",100519,"special young man",2,184,186,7.25326232339885e-05
"94929",94929,"revis extend remark",217,597,814,7.21959537329277e-05
"109302",109302,"vote right act",256,31,287,7.1834499844114e-05
"102839",102839,"take activ part",3,185,188,7.17608241465749e-05
"18884",18884,"ask join commend",2,181,183,7.13115896415238e-05
"97746",97746,"senat proceed consider",282,44,326,7.07563694169882e-05
"96584",96584,"scout america troop",4,182,186,6.93794117421112e-05
"33133",33133,"build conduct hear",260,36,296,6.90318448873343e-05
"61759",61759,"energi natur resourc",299,55,354,6.84842573985517e-05
"18879",18879,"ask immedi consider",25,232,257,6.790057119041e-05
"95293",95293,"rise today honor",1092,566,1658,6.78435450830026e-05
"85796",85796,"obama took offic",25,231,256,6.75088743216388e-05
"82253",82253,"mr speaker januari",13,201,214,6.72652272163843e-05
"58018",58018,"day presid obama",8,186,194,6.6517754595741e-05
"32010",32010,"broken immigr system",325,72,397,6.56511086623558e-05
"91026",91026,"proceed period morn",199,14,213,6.54414739721528e-05
"106582",106582,"unanim consent adjourn",172,4,176,6.53152746017088e-05
"88080",88080,"paycheck fair act",186,11,197,6.33151418885528e-05
"94834",94834,"resum legisl session",167,4,171,6.32835180117029e-05
"68921",68921,"hard work persever",198,16,214,6.3040215773979e-05
"83000",83000,"nation institut health",359,95,454,6.25047846978973e-05
"97788",97788,"senat resum legisl",165,4,169,6.24708801711862e-05
"102707",102707,"suspend rule pass",94,356,450,6.2108845361245e-05
"80080",80080,"member legisl day",3,161,164,6.19991246127139e-05
"90355",90355,"presid obama took",34,237,271,6.19271669544012e-05
"81447",81447,"motion reconsid laid",231,32,263,6.13215436704055e-05
"51638",51638,"consent member legisl",3,159,162,6.11857764467535e-05
"114251",114251,"yield minut gentlewoman",331,84,415,5.98587689776718e-05
"51182",51182,"congression black caucu",174,10,184,5.95352919432984e-05
"51544",51544,"consent adjourn previou",149,1,150,5.94777916688307e-05
"71630",71630,"immedi notifi senat",162,6,168,5.90001374344916e-05
"84651",84651,"notifi senat action",162,6,168,5.90001374344916e-05
"84139",84139,"new york citi",394,123,517,5.78330167796123e-05
"75110",75110,"later day follow",187,17,204,5.76981213108503e-05
"81879",81879,"mr presid follow",158,6,164,5.7379737824553e-05
"51714",51714,"consent resolut agre",214,30,244,5.65091248423444e-05
"106657",106657,"unanim consent resolut",214,30,244,5.65091248423444e-05
"97750",97750,"senat proceed period",176,14,190,5.62571669095821e-05
"13241",13241,"american disabl act",155,6,161,5.61647053809208e-05
"65181",65181,"follow prayer pledg",208,28,236,5.59126422542723e-05
"104952",104952,"time equal divid",170,12,182,5.58661138628281e-05
"95636",95636,"rule xxii waiv",143,2,145,5.58464460757191e-05
"72318",72318,"increas minimum wage",223,35,258,5.57906372123607e-05
"57907",57907,"day follow leader",182,17,199,5.57200456456039e-05
"73873",73873,"journal proceed approv",205,27,232,5.56200214704273e-05
"105249",105249,"time two leader",205,27,232,5.56200214704273e-05
"49001",49001,"complet busi today",202,26,228,5.53314109206887e-05
"51721",51721,"consent senat complet",202,26,228,5.53314109206887e-05
"97270",97270,"senat complet busi",202,26,228,5.53314109206887e-05
"70098",70098,"hispan heritag month",150,5,155,5.52489865078928e-05
"91010",91010,"proceed approv date",204,27,231,5.52349819174822e-05
"94601",94601,"reserv use later",204,27,231,5.52349819174822e-05
"106476",106476,"two leader reserv",204,27,231,5.52349819174822e-05
"108439",108439,"use later day",204,27,231,5.52349819174822e-05
"17370",17370,"approv date time",203,27,230,5.48501341177941e-05
"57805",57805,"date time two",203,27,230,5.48501341177941e-05
"75490",75490,"leader reserv use",203,27,230,5.48501341177941e-05
"5838",5838,"affair author meet",198,25,223,5.46602046828312e-05
"74183",74183,"keyston xl pipelin",144,418,562,5.43836962654613e-05
"62093",62093,"equal divid control",208,30,238,5.42174383947562e-05
"33574",33574,"busi come senat",201,27,228,5.40810239228684e-05
"94611",94611,"resolut agre preambl",205,29,234,5.39122613739065e-05
"59674",59674,"depart homeland secur",1002,549,1551,5.37976192398511e-05
"34061",34061,"busi today adjourn",195,25,220,5.35008479106912e-05
"107051",107051,"unit state congress",134,398,532,5.33354623856277e-05
"45459",45459,"come senat ask",199,27,226,5.33127116238889e-05
"93401",93401,"reconsid laid upon",201,28,229,5.32276691843718e-05
"3668",3668,"action debat motion",142,4,146,5.31288118990533e-05
"97787",97787,"senat resum consider",189,23,212,5.29383090839241e-05
"103560",103560,"tea parti republican",135,2,137,5.25911029962274e-05
"92288",92288,"put food tabl",229,42,271,5.25499551367045e-05
"62106",62106,"equal pay equal",142,5,147,5.20053538543134e-05
"7030",7030,"agre preambl agre",204,31,235,5.18682844353901e-05
"87943",87943,"pay equal work",141,5,146,5.16000055075031e-05
"58379",58379,"debat motion order",135,3,138,5.14277838357044e-05
"89857",89857,"preambl agre motion",202,31,233,5.1111061573381e-05
"100307",100307,"speaker rise today",3103,2286,5389,5.01268640743369e-05
"71675",71675,"immigr reform bill",212,37,249,5.00895185706135e-05
"5005",5005,"adjourn previou order",186,25,211,5.00333494904345e-05
"62963",62963,"expir journal proceed",190,27,217,4.98657747210672e-05
"70664",70664,"hour deem expir",190,27,217,4.98657747210672e-05
"81387",81387,"morn hour deem",190,27,217,4.98657747210672e-05
"89133",89133,"permit speak minut",157,13,170,4.96807460995752e-05
"58861",58861,"deem expir journal",189,27,216,4.94838981723483e-05
"89511",89511,"pledg morn hour",189,27,216,4.94838981723483e-05
"89855",89855,"prayer pledg morn",189,27,216,4.94838981723483e-05
"97153",97153,"senat ask unanim",206,35,241,4.94139455838841e-05
"97726",97726,"senat period morn",182,24,206,4.93559924278443e-05
"26830",26830,"bill hr amend",2,127,129,4.93360217685961e-05
"42795",42795,"clotur motion desk",147,10,157,4.8692315752221e-05
"81926",81926,"mr presid move",214,40,254,4.85436281883889e-05
"90194",90194,"presid move proceed",156,14,170,4.83103088518439e-05
"100046",100046,"speak therein minut",192,30,222,4.81461423941801e-05
"51636",51636,"consent mandatori quorum",134,6,140,4.76672256558431e-05
"106625",106625,"unanim consent mandatori",131,6,137,4.64546319360084e-05
"3773",3773,"action senat resum",125,4,129,4.6229036461697e-05
"42139",42139,"clean continu resolut",135,8,143,4.59407185899159e-05
"18858",18858,"ask given permiss",172,24,196,4.55161587584387e-05
"67069",67069,"given permiss revis",172,24,196,4.55161587584387e-05
"89125",89125,"permiss revis extend",172,24,196,4.55161587584387e-05
"97870",97870,"senat south carolina",18,158,176,4.535782958452e-05
"90792",90792,"print record presid",120,3,123,4.53318672586682e-05
"97107",97107,"senat action senat",127,6,133,4.48384702757538e-05
"110752",110752,"western new york",134,9,143,4.45051601443014e-05
"112690",112690,"would like announc",117,3,120,4.41130458651459e-05
"41778",41778,"civil right movement",179,29,208,4.40566079817626e-05
"69976",69976,"high school receiv",127,7,134,4.37712400911638e-05
"67098",67098,"global war terror",26,171,197,4.34677831251207e-05
"82086",82086,"mr speaker behalf",28,175,203,4.33543979417048e-05
"90131",90131,"presid immedi notifi",122,6,128,4.28193776631719e-05
"113836",113836,"year new budget",291,91,382,4.26379309415637e-05
"92555",92555,"quorum rule xxii",110,2,112,4.24201621031634e-05
"70808",70808,"hous join congratul",6,121,127,4.24157189521266e-05
"48093",48093,"commun health center",131,10,141,4.22940300212976e-05
"96879",96879,"secur government affair",159,22,181,4.22346370705498e-05
"20386",20386,"author b outlay",288,90,378,4.22318588993173e-05
"32321",32321,"budget author b",288,90,378,4.22318588993173e-05
"64798",64798,"fiscal year new",291,92,383,4.21023503947048e-05
"78928",78928,"mandatori quorum rule",109,2,111,4.20134110256581e-05
"111300",111300,"women histori month",147,17,164,4.1971847698881e-05
"65886",65886,"full faith credit",157,22,179,4.14688292830008e-05
"79774",79774,"medic devic tax",23,159,182,4.13915895692545e-05
"89135",89135,"permit speak therein",176,31,207,4.13673845499834e-05
"87492",87492,"pass comprehens immigr",138,14,152,4.12022928250227e-05
"106672",106672,"unanim consent time",154,21,175,4.11694083303306e-05
"81153",81153,"missionari baptist church",133,12,145,4.11270970773403e-05
"82359",82359,"mr speaker presid",19,149,168,4.09723176628414e-05
"98707",98707,"session senat june",117,6,123,4.08016609317007e-05
"66440",66440,"gentlewoman california ms",139,15,154,4.06670986960625e-05
"37944",37944,"center diseas control",180,34,214,4.05677224803205e-05
"109277",109277,"vote previou question",111,4,115,4.05518767267418e-05
"93925",93925,"remark senat period",124,9,133,4.05019308378419e-05
"91421",91421,"promis american peopl",4,110,114,4.01465890988964e-05
"72904",72904,"intern revenu servic",51,212,263,4.0138272606262e-05
"83919",83919,"new budget author",302,103,405,3.9814238228263e-05
"70319",70319,"homeland secur government",159,25,184,3.97462709002776e-05
"90024",90024,"presid busi come",140,17,157,3.92490833297113e-05
"43479",43479,"colleagu hous join",15,135,150,3.91015430985739e-05
"71753",71753,"impact climat chang",107,4,111,3.89309352407378e-05
"34026",34026,"busi senat permit",154,24,178,3.86700293784804e-05
"21417",21417,"b outlay fiscal",261,81,342,3.85779935165678e-05
"101359",101359,"state rhode island",100,2,102,3.83530691398686e-05
"59188",59188,"delay employ mandat",5,107,112,3.78377371846118e-05
"51284",51284,"congression district texa",1,95,96,3.74917578039096e-05
"107987",107987,"us district court",157,27,184,3.74087757972093e-05
"47824",47824,"commun across state",103,4,107,3.73105886634597e-05
"61243",61243,"effect climat chang",97,2,99,3.71331466017981e-05
"64777",64777,"fiscal year fiscal",266,87,353,3.69612157429336e-05
"93824",93824,"relat author meet",120,11,131,3.69414935353397e-05
"87066",87066,"outlay fiscal year",264,86,350,3.68628105527e-05
"65351",65351,"foreign relat author",122,12,134,3.67800003543807e-05
"51582",51582,"consent committe judiciari",121,12,133,3.63858934052476e-05
"42462",42462,"climat chang real",116,10,126,3.63225716597553e-05
"84202",84202,"new york state",162,31,193,3.62147189412119e-05
"97671",97671,"senat new jersey",143,22,165,3.61411108651302e-05
"10793",10793,"amend aye rollcal",94,2,96,3.59133361308613e-05
"81101",81101,"minut gentlewoman california",94,2,96,3.59133361308613e-05
"74092",74092,"keep health care",9,112,121,3.57130660591548e-05
"94322",94322,"republican leader senat",121,13,134,3.54547044738427e-05
"63274",63274,"faith credit unit",115,11,126,3.49648393620428e-05
"62096",62096,"equal divid two",97,4,101,3.48813430093307e-05
"63089",63089,"extrem weather event",109,9,118,3.45189552739193e-05
"79454",79454,"martin luther king",230,71,301,3.42034766751802e-05
"53320",53320,"continu reserv balanc",63,216,279,3.41690448206952e-05
"64851",64851,"fix broken immigr",156,31,187,3.40315273934431e-05
"86941",86941,"order quorum call",1003,633,1636,3.40214966886849e-05
"4634",4634,"address climat chang",92,3,95,3.39631737961985e-05
"81384",81384,"morn busi pm",92,3,95,3.39631737961985e-05
"101401",101401,"state south dakota",8,105,113,3.39162110984489e-05
"51658",51658,"consent order quorum",1001,632,1633,3.39001335368772e-05
"92552",92552,"quorum call rescind",1017,645,1662,3.38512184298896e-05
"46919",46919,"committe health educ",159,33,192,3.36775298024512e-05
"64516",64516,"first african american",144,26,170,3.33600843311384e-05
"70263",70263,"home state senat",106,9,115,3.33262824807331e-05
"47008",47008,"committe judiciari author",101,7,108,3.33255181415427e-05
"73919",73919,"judiciari author meet",101,7,108,3.33255181415427e-05
"57131",57131,"credit unit state",120,15,135,3.32640753641622e-05
"60721",60721,"dr martin luther",122,16,138,3.31636007333548e-05
"106668",106668,"unanim consent subcommitte",108,10,118,3.31520046450721e-05
"94295",94295,"republican govern shutdown",90,3,93,3.31519041292202e-05
"93421",93421,"record presid immedi",87,2,89,3.30676162643513e-05
"99948",99948,"south carolina mr",11,110,121,3.29930964695802e-05
"60853",60853,"earli childhood educ",119,15,134,3.28770647795852e-05
"63059",63059,"extend unemploy insur",134,22,156,3.27514796617427e-05
"97525",97525,"senat kansa mr",3,89,92,3.27463219313478e-05
"76527",76527,"like health care",13,114,127,3.27170320628086e-05
"60508",60508,"divid two leader",88,3,91,3.23407764100899e-05
"106640",106640,"unanim consent order",1014,652,1666,3.19786011531318e-05
"113701",113701,"year fiscal year",269,99,368,3.1978416229551e-05
"82362",82362,"mr speaker privileg",13,112,125,3.19371612362588e-05
"92240",92240,"pursuant hous resolut",8,100,108,3.19224972329128e-05
"96595",96595,"sd366 dirksen senat",92,5,97,3.17846599025962e-05
"95671",95671,"russel senat offic",125,19,144,3.17815509536245e-05
"105116",105116,"time pass motion",165,39,204,3.16960337000366e-05
"68252",68252,"government affair author",99,8,107,3.15242306623926e-05
"97895",97895,"senat tennesse mr",2,83,85,3.1441863627299e-05
"30153",30153,"black histori month",91,5,96,3.1381738424368e-05
"95473",95473,"room sd366 dirksen",91,5,96,3.1381738424368e-05
"87635",87635,"pass motion reconsid",165,40,205,3.10427102483406e-05
"98712",98712,"set asid day",82,2,84,3.1035474265331e-05
"59240",59240,"delta sigma theta",79,1,80,3.09784040617761e-05
"94616",94616,"resolut ask immedi",16,116,132,3.08573259189801e-05
"95440",95440,"rollcal vote motion",87,4,91,3.08367624483196e-05
"81422",81422,"motion invok clotur",111,14,125,3.06598051292684e-05
"89529",89529,"pm senat proceed",89,5,94,3.05761717240017e-05
"22405",22405,"balanc time move",1,78,79,3.05713566478301e-05
"61486",61486,"emerg unemploy insur",91,6,97,3.03400935125191e-05
"91406",91406,"project mr speaker",4,85,89,3.00285993509216e-05
"100102",100102,"speaker demand record",107,13,120,2.99925264130832e-05
"113368",113368,"ye rollcal vote",107,13,120,2.99925264130832e-05
"43539",43539,"colleagu join honor",208,66,274,2.99697389882524e-05
"81016",81016,"minimum wage worker",82,3,85,2.99083479496987e-05
"77610",77610,"luther king jr",169,44,213,2.98764946914503e-05
"65733",65733,"friend across aisl",43,167,210,2.98204976985517e-05
"68466",68466,"great state iowa",2,79,81,2.98164354497563e-05
"76919",76919,"live within mean",2,79,81,2.98164354497563e-05
"71042",71042,"hous republican leadership",92,7,99,2.97270896618273e-05
"87225",87225,"part b amend",89,6,95,2.9538228037118e-05
"96594",96594,"sd226 dirksen senat",89,6,95,2.9538228037118e-05
"62105",62105,"equal pay act",94,8,102,2.95355372093365e-05
"65174",65174,"follow morn busi",101,11,112,2.94584459049746e-05
"92952",92952,"read third time",171,46,217,2.93256325046737e-05
"82374",82374,"mr speaker pursuant",13,105,118,2.92168437438453e-05
"105182",105182,"time senat proceed",109,15,124,2.90248836535162e-05
"59250",59250,"demand record vote",274,109,383,2.8944634971234e-05
"95250",95250,"rise strong opposit",104,13,117,2.88294995946906e-05
"100281",100281,"speaker reserv balanc",176,373,549,2.87786835141269e-05
"111297",111297,"women health care",79,3,82,2.86927445786585e-05
"67244",67244,"go confer budget",96,10,106,2.84208496834685e-05
"101317",101317,"state new york",118,20,138,2.83466733217462e-05
"114178",114178,"yield back time",214,73,287,2.82102062498929e-05
"89519",89519,"pm equal divid",88,7,95,2.81318499276428e-05
"82403",82403,"mr speaker reserv",153,337,490,2.8130775984886e-05
"46872",46872,"committe foreign relat",135,29,164,2.7905069866546e-05
"105126",105126,"time pm equal",82,5,87,2.77599259793629e-05
"65352",65352,"foreign relat committe",225,81,306,2.75958263222312e-05
"57589",57589,"cut food stamp",73,2,75,2.73790206818782e-05
"81842",81842,"mr presid busi",111,18,129,2.73092641457016e-05
"95306",95306,"rise today recogn",965,637,1602,2.73046438589504e-05
"81616",81616,"move previou question",4,78,82,2.72024704488805e-05
"65110",65110,"florida mr rubio",2,72,74,2.69728828966204e-05
"51577",51577,"consent committe foreign",120,23,143,2.67999393150548e-05
"104622",104622,"third time pass",135,31,166,2.6538279305956e-05
"38454",38454,"chair gentleman texa",1,68,69,2.6501238787545e-05
"97412",97412,"senat foreign relat",125,26,151,2.64372071932766e-05
"69024",69024,"head start program",119,23,142,2.64351045338082e-05
"63058",63058,"extend unemploy benefit",155,42,197,2.63990545885692e-05
"89528",89528,"pm senat permit",76,4,80,2.63957999106258e-05
"107723",107723,"upon use yield",81,6,87,2.63365801372772e-05
"23738",23738,"behalf unit state",16,104,120,2.62858900569167e-05
"81598",81598,"move hous adjourn",39,149,188,2.62138018407667e-05
"102022",102022,"submit follow proclam",70,2,72,2.6160702208554e-05
"108896",108896,"violenc women act",197,67,264,2.60702335307187e-05
"74086",74086,"keep govern open",237,92,329,2.60236218977441e-05
"51232",51232,"congression district georgia",80,6,86,2.59371124588926e-05
"57928",57928,"day honor recogn",69,2,71,2.57546620626362e-05
"82365",82365,"mr speaker profound",2,69,71,2.57546620626362e-05
"68319",68319,"grant floor privileg",84,8,92,2.55736554185323e-05
"97524",97524,"senat judiciari committe",190,64,254,2.545510110711e-05
"38103",38103,"central valley project",13,95,108,2.53599800796439e-05
"78413",78413,"make impact commun",2,68,70,2.53486573513364e-05
"94596",94596,"reserv point order",2,68,70,2.53486573513364e-05
"78129",78129,"major leader senat",35,139,174,2.53178809546197e-05
"83978",83978,"new health care",15,99,114,2.52113147634223e-05
"109233",109233,"vote motion invok",78,6,84,2.51387341549181e-05
"57800",57800,"date enact act",30,129,159,2.51067877355371e-05
"91644",91644,"protect public health",80,7,87,2.495069076472e-05
"42174",42174,"clean fund bill",75,5,80,2.49497337118184e-05
"66390",66390,"gentleman pennsylvania mr",32,132,164,2.48354128395746e-05
"51579",51579,"consent committe homeland",82,8,90,2.4784230734813e-05
"73347",73347,"jefferson high school",72,4,76,2.47837019787925e-05
"89933",89933,"present vote senat",17,102,119,2.47303355865655e-05
"93927",93927,"remark senat resum",79,7,86,2.45540524081262e-05
"91016",91016,"proceed consider calendar",81,8,89,2.43899414633534e-05
"75254",75254,"law faith execut",3,68,71,2.42400194285226e-05
"78032",78032,"major control first",68,3,71,2.42400194285226e-05
"46807",46807,"committe discharg consider",92,13,105,2.42109279217389e-05
"97581",97581,"senat major leader",46,155,201,2.4074236810194e-05
"95406",95406,"roll call vote",102,18,120,2.39505733783064e-05
"3669",3669,"action debat nomin",64,2,66,2.37250259708118e-05
"95319",95319,"rise today support",136,294,430,2.36384896748971e-05
"114250",114250,"yield minut gentleman",753,1079,1832,2.35797281798608e-05
"33794",33794,"busi leader year",4,69,73,2.35758516768533e-05
"36094",36094,"care act work",69,4,73,2.35758516768533e-05
"19041",19041,"ask second read",74,6,80,2.35444017721323e-05
"100219",100219,"speaker move hous",39,141,180,2.35415241197635e-05
"46959",46959,"committe homeland secur",177,60,237,2.35233871059664e-05
"71349",71349,"hr would vote",81,9,90,2.34626464808748e-05
"72495",72495,"inform regard meet",66,3,69,2.3431369291104e-05
"79859",79859,"meet pleas contact",66,3,69,2.3431369291104e-05
"82373",82373,"mr speaker purpos",3,66,69,2.3431369291104e-05
"93681",93681,"regard meet pleas",66,3,69,2.3431369291104e-05
"102476",102476,"support rule underli",3,66,69,2.3431369291104e-05
"17387",17387,"approv keyston xl",14,92,106,2.337918462334e-05
"71067",71067,"hous resolut call",2,63,65,2.33192241631249e-05
"85918",85918,"offer amend rule",63,2,65,2.33192241631249e-05
"75413",75413,"lay motion tabl",120,28,148,2.32936563805271e-05
"22508",22508,"bank hous urban",98,17,115,2.32387862000308e-05
"97706",97706,"senat pass budget",110,23,133,2.31802733090076e-05
"66529",66529,"get back feet",108,22,130,2.31732437950444e-05
"86663",86663,"open amend process",42,145,187,2.31065903434904e-05
"114170",114170,"yield back balanc",1086,1467,2553,2.30911049162714e-05
"84173",84173,"new york mr",240,101,341,2.30725971905326e-05
"95432",95432,"rollcal vote agre",65,3,68,2.30271748004664e-05
"21512",21512,"back balanc time",1086,1466,2552,2.29790797951936e-05
"97902",97902,"senat texa mr",10,82,92,2.29525328410096e-05
"100242",100242,"speaker parliamentari inquiri",62,2,64,2.29134688401694e-05
"102311",102311,"support home state",62,2,64,2.29134688401694e-05
"59197",59197,"delay individu mandat",12,86,98,2.27608056684238e-05
"46988",46988,"committe indian affair",72,6,78,2.27485726253118e-05
"102802",102802,"tabl motion lay",118,28,146,2.25973207510151e-05
"43523",43523,"colleagu join commend",69,5,74,2.25471282335831e-05
"68120",68120,"govern pay bill",69,5,74,2.25471282335831e-05
"71155",71155,"hous urban affair",96,17,113,2.2496659949561e-05
"95452",95452,"rollcal would vote",83,11,94,2.24641261645727e-05
"86033",86033,"offic build pm",66,4,70,2.23692008398846e-05
"75109",75109,"later day date",6,71,77,2.23510228362017e-05
"64076",64076,"feder minimum wage",87,13,100,2.23055350285603e-05
"95477",95477,"room sd628 dirksen",63,3,66,2.22190669861921e-05
"96599",96599,"sd628 dirksen senat",63,3,66,2.22190669861921e-05
"100130",100130,"speaker great respect",63,3,66,2.22190669861921e-05
"102890",102890,"take care law",3,63,66,2.22190669861921e-05
"58322",58322,"debat equal divid",115,27,142,2.22128308929916e-05
"46641",46641,"committe bank hous",91,15,106,2.21956230086147e-05
"68866",68866,"hard play rule",73,7,80,2.21798040915675e-05
"98051",98051,"send clotur motion",73,7,80,2.21798040915675e-05
"108514",108514,"use yield back",93,16,109,2.21564093512904e-05
"47882",47882,"commun busi leader",5,68,73,2.21473503681493e-05
"106588",106588,"unanim consent bill",95,17,112,2.2126566035292e-05
"82024",82024,"mr presid would",273,126,399,2.20522161553852e-05
"46991",46991,"committe intellig author",84,12,96,2.19960697663499e-05
"72790",72790,"intellig author meet",84,12,96,2.19960697663499e-05
"100097",100097,"speaker continu reserv",30,120,150,2.19946179929478e-05
"42715",42715,"close tax loophol",70,6,76,2.19537290884806e-05
"102105",102105,"suggest absenc quorum",881,599,1480,2.18500628745903e-05
"81060",81060,"minut debat equal",79,10,89,2.17903004892147e-05
"4287",4287,"ad end follow",18,96,114,2.17383275256039e-05
"60817",60817,"due second read",74,8,82,2.16387803643761e-05
"52111",52111,"consider clerk read",1,56,57,2.16183504889158e-05
"81451",81451,"motion tabl motion",117,29,146,2.16041545550446e-05
"75414",75414,"lay tabl agre",115,28,143,2.15590116564619e-05
"81423",81423,"motion lay tabl",115,28,143,2.15590116564619e-05
"80996",80996,"minimum wage hour",76,9,85,2.15123496148369e-05
"36471",36471,"care law faith",3,61,64,2.14113636606472e-05
"51718",51718,"consent select committe",80,11,91,2.13113406904412e-05
"61513",61513,"employ nondiscrimin act",80,11,91,2.13113406904412e-05
"106662",106662,"unanim consent select",80,11,91,2.13113406904412e-05
"63422",63422,"famili medic leav",63,4,67,2.11639117938348e-05
"113258",113258,"would vote ye",243,108,351,2.11434753431748e-05
"74525",74525,"labor pension meet",60,3,63,2.10076758380423e-05
"82154",82154,"mr speaker direct",11,79,90,2.09281013363359e-05
"21928",21928,"back time senat",81,12,93,2.0852981313148e-05
"97761",97761,"senat recess pm",81,12,93,2.0852981313148e-05
"100454",100454,"speaker yield gentleman",131,38,169,2.08445138150762e-05
"78503",78503,"make point order",14,85,99,2.0741073907996e-05
"107034",107034,"unit state code",69,182,251,2.07182090546886e-05
"87946",87946,"pay fair share",89,16,105,2.06729746667115e-05
"102020",102020,"submit earlier today",101,22,123,2.06674105896229e-05
"74589",74589,"land water conserv",91,17,108,2.06530712248855e-05
"94694",94694,"resourc unit state",59,3,62,2.06041043533455e-05
"100618",100618,"spend money nt",3,59,62,2.06041043533455e-05
"90567",90567,"presid took offic",5,64,69,2.05504148405979e-05
"80709",80709,"million american famili",78,11,89,2.05454019945568e-05
"70288",70288,"homeland secur bill",110,27,137,2.04816614020584e-05
"18917",18917,"ask member join",56,2,58,2.0480050611405e-05
"74044",74044,"kansa mr moran",2,56,58,2.0480050611405e-05
"90899",90899,"privat student loan",56,2,58,2.0480050611405e-05
"97574",97574,"senat louisiana mr",2,56,58,2.0480050611405e-05
"106605",106605,"unanim consent follow",80,12,92,2.04730925649746e-05
"74522",74522,"labor pension author",71,8,79,2.04651230452416e-05
"88141",88141,"pension author meet",71,8,79,2.04651230452416e-05
"111696",111696,"work hard play",73,9,82,2.03472094519019e-05
"27625",27625,"bill print record",163,58,221,2.03175481032574e-05
"94833",94833,"resum consider motion",58,3,61,2.02006549770634e-05
"47821",47821,"commun across countri",109,27,136,2.01381184896864e-05
"53971",53971,"control first half",79,12,91,2.0093805578532e-05
"77567",77567,"lower interest rate",70,8,78,2.00747275417122e-05
"90393",90393,"presid offic state",55,2,57,2.00746930655751e-05
"90376",90376,"presid offic know",112,29,141,1.9900524063706e-05
"69282",69282,"health human servic",188,350,538,1.98593216658776e-05
"96708",96708,"secretari homeland secur",48,145,193,1.98557362926323e-05
"87311",87311,"particip polit process",7,67,74,1.98168119240476e-05
"33208",33208,"build pm conduct",54,2,56,1.9669404938389e-05
"33981",33981,"busi pm senat",54,2,56,1.9669404938389e-05
"82338",82338,"mr speaker parliamentari",54,2,56,1.9669404938389e-05
"87873",87873,"patient protect afford",14,82,96,1.96199511187503e-05
"48086",48086,"commun great state",6,64,70,1.95759603603985e-05
"95472",95472,"room sd226 dirksen",64,6,70,1.95759603603985e-05
"51563",51563,"consent bill read",92,19,111,1.95553731640957e-05
"109512",109512,"wall street journal",150,296,446,1.94597099844868e-05
"68626",68626,"grow middl class",61,5,66,1.9355276130194e-05
"83389",83389,"natur resourc author",61,5,66,1.9355276130194e-05
"94664",94664,"resourc author meet",61,5,66,1.9355276130194e-05
"2291",2291,"across state line",13,79,92,1.9286503290015e-05
"113382",113382,"yea rollcal vote",79,13,92,1.9286503290015e-05
"49962",49962,"confirm motion reconsid",53,2,55,1.92641900706311e-05
"59121",59121,"defund afford care",53,2,55,1.92641900706311e-05
"79459",79459,"maryland mr hoyer",53,2,55,1.92641900706311e-05
"51578",51578,"consent committe health",70,9,79,1.91863751200161e-05
"101743",101743,"strengthen middl class",58,4,62,1.91586633591694e-05
"58557",58557,"debt limit increas",7,65,72,1.90321371603754e-05
"85815",85815,"obamacar web site",3,55,58,1.89911031732644e-05
"98526",98526,"servic author meet",100,24,124,1.89732602968209e-05
"51572",51572,"consent committe bank",78,13,91,1.89120803228553e-05
"65700",65700,"free syrian armi",22,96,118,1.89025799079982e-05
"69187",69187,"health care premium",14,80,94,1.88761060132868e-05
"63601",63601,"farm bill take",52,2,54,1.8859052587588e-05
"81123",81123,"minut time equal",52,2,54,1.8859052587588e-05
"99392",99392,"sincer thank appreci",2,52,54,1.8859052587588e-05
"66365",66365,"gentleman maryland mr",86,17,103,1.88281898895579e-05
"40364",40364,"chief inform offic",9,69,78,1.88004732440593e-05
"100343",100343,"speaker thank chairman",9,69,78,1.88004732440593e-05
"103887",103887,"thank chairman yield",9,69,78,1.88004732440593e-05
"107211",107211,"unit state illeg",4,57,61,1.8758228043164e-05
"52152",52152,"consider motion proceed",54,3,57,1.85882081393951e-05
"79002",79002,"mani commun across",54,3,57,1.85882081393951e-05
"106590",106590,"unanim consent bring",54,3,57,1.85882081393951e-05
"103831",103831,"text bill print",157,58,215,1.85660744124893e-05
"57873",57873,"day date enact",5,59,64,1.85599097605372e-05
"11645",11645,"amend read third",66,8,74,1.85177098090267e-05
"69277",69277,"health educ labor",200,86,286,1.8505214915265e-05
"82505",82505,"mr speaker unavoid",89,19,108,1.84806517534585e-05
"93548",93548,"reed rhode island",51,2,53,1.84539969258889e-05
"109396",109396,"vote without interven",51,2,53,1.84539969258889e-05
"17912",17912,"arm servic author",102,26,128,1.83802560480441e-05
"73752",73752,"join honor life",56,4,60,1.83580215258392e-05
"89518",89518,"pm conduct hear",70,10,80,1.83304166046013e-05
"97113",97113,"senat agricultur committe",100,25,125,1.83294084230136e-05
"108817",108817,"victim domest violenc",100,25,125,1.83294084230136e-05
"95995",95995,"san francisco bay",72,11,83,1.8261641255167e-05
"90694",90694,"prevent health care",53,3,56,1.81854705421496e-05
